{
  "hash": "5894425d",
  "configHash": "a1fe436e",
  "lockfileHash": "e4875e9f",
  "browserHash": "642f0d2d",
  "optimized": {
    "react": {
      "src": "../../node_modules/react/index.js",
      "file": "react.js",
      "fileHash": "15747583",
      "needsInterop": true
    },
    "react-dom/client": {
      "src": "../../node_modules/react-dom/client.js",
      "file": "react-dom_client.js",
      "fileHash": "7ba1147f",
      "needsInterop": true
    }
  },
  "chunks": {
    "chunk-XFZ2DVVZ": {
      "file": "chunk-XFZ2DVVZ.js"
    }
  }
}